Composite_rule	popularity	route_ids_size	Reference	Target_molecules
[C:1](:[N:2]):[C;D3:4]:1:[C:3]:[N:10]:[N;D2:9]:[C;D3:5]:1-[C;D3:6](:[C;D2:7]):[C;D2:8]>>[C;D3:6](:[C;D2:7])(:[C;D2:8])-[B;D3:15]-1-[O;D2:14]-[C:12](-[C:11])(-[C:13])-[C:17](-[O;D2:16]-1)(-[C:18])-[C:19].[C:1](:[N:2]):[C;D3:4]:1:[C:3]:[N:10]:[N;D2:9]:[C;D3:5]:1-[O;D2:23]-[S;D4:21](=[O:20])(=[O:22])-[C:24](-[F:25])(-[F:26])-[F:27]$[C:1](:[N:2]):[C;D3:4]:1:[C:3]:[N:15]:[N;D2:14]:[C;D3:5]:1-[O;D2:6]-[S;D4:7](=[O;D1:8])(=[O;D1:9])-[C;D4:10](-[F:11])(-[F:12])-[F:13]>>[S;D4:7](=[O;D1:8])(=[O;D1:9])(-[C;D4:10](-[F:11])(-[F:12])-[F:13])-[O;D2:19]-[S;D4:17](=[O:16])(=[O:18])-[C:20](-[F:21])(-[F:22])-[F:23].[C:1](:[N:2]):[C;D3:4]:1:[C:3]:[N:15]:[N;D2:14]:[C;D3:5]:1=[O;D1:6]$[C;D3:1]:1:[N:2]:[C:3]:[C;D2:4]:[C;D3:5]:2:[C;D3:6]:1:[C;D3:7](=[O;D1:8]):[N;D2:9]:[N;D3:10]:2-[C;D3:11]>>[C;D3:1]:1:[N:2]:[C:3]:[C;D2:4]:[C;D3:5](:[C;D3:6]:1-[C;D3:7](=[O;D1:8])-[N;D2:9]-[N;D2:10]-[C;D3:11])-[I;D1:12]$[C:1](:[C;D3:2]-[C;D3:3](=[O;D1:4])-[N;D2:5]-[N;D2:6]):[N:7]>>[C:1](:[C;D3:2]-[C;D3:3](=[O;D1:4])-[O;D1:8]):[N:7].[N;D1:5]-[N;D2:6]$[C:1]-[C;D3:2](=[O:3])-[O;D1:4]>>[C:1]-[C;D3:2](=[O:3])-[O;D2:4]-[C;D1:5]	1	1	491	COc1nccc2c1c(-c1ccc(S(N)(=O)=O)cc1)nn2C1CCOCC1
[C:1]-[C;D3:2](=[O:3])-[C;D2:4]-[C;D3:5](-[O;D1:6])-[C;D2:7]=[C:8]-[C:9]>>[C:1]-[C;D3:2](=[O:3])-[C;D1:4].[C;D2:5](=[O;D1:6])-[C;D2:7]=[C:8]-[C:9]$[C:1]-[C;D3:2](-[C;D2:3]=[C;D2:4]-[C;D2:5]=[O:6])=[C:7](-[C:8])-[C:9]>>[C:1]-[C;D3:2](-[C;D2:3]=[O;D1:10])=[C:7](-[C:8])-[C:9].[C;D2:4](-[C;D2:5]=[O:6])=[P;D4:15](-[C;D3:14]:1:[C:13]:[C:12]:[C:11]:[C:29]:[C:28]:1)(-[C;D3:16]:2:[C:17]:[C:18]:[C:19]:[C:20]:[C:21]:2)-[C;D3:22]:3:[C:23]:[C:24]:[C:25]:[C:26]:[C:27]:3$[N:1]:[C;D3:3](:[N:2])-[C;D3:4](-[C;D2:5]=[O;D1:6])=[C;D3:7](-[C:8])-[C:9]>>[C;D2:5](=[O;D1:6])-[O;D2:12]-[C;D2:11]-[C:10].[N:1]:[C;D3:3](:[N:2])-[C;D2:4]=[C;D3:7](-[C:8])-[C:9]$[N:1]:[C;D3:3](:[N:2])-[C;D2:4]=[C;D3:5](-[C;D3:6])-[C;D3:7]>>[N:1]:[C;D3:3](:[N:2])-[C;D2:4]-[C;D4:5](-[C;D3:6])(-[C;D3:7])-[O;D1:8]$[N:1]:[C;D3:3](:[N:2])-[C;D2:4]-[C;D4:5](-[O;D1:6])(-[C;D3:7])-[C;D3:8]>>[C;D3:5](=[O;D1:6])(-[C;D3:7])-[C;D3:8].[N:1]:[C;D3:3](:[N:2])-[C;D1:4]	1	1	465	CCOC(=O)CC(=O)CC(O)C=CC(=C(c1ccc(F)cc1)c1ccc(F)cc1)c1nnnn1C
[C:1]-[C;D3:2](=[O:3])-[O;D1:4]>>[C:1]-[C;D3:2](=[O:3])-[O;D2:4]-[C;D2:6]-[C;D1:5]$[N:1]:[C:2](:[C;D3:3]-[O;D2:4]-[C;D2:5]-[C;D3:6]):[N:7]>>[C;D2:5](-[C;D3:6])-[Br;D1:8].[N:1]:[C:2](:[C;D3:3]-[O;D1:4]):[N:7]$[N:1]:[C:2](:[C;D3:3]-[O;D1:4]):[N:5]>>[N:1]:[C:2](:[C;D3:3]-[O;D2:4]-[C;D2:10]-[C;D3:9]:1:[C:8]:[C:7]:[C:6]:[C:12]:[C:11]:1):[N:5]$[C;D2:1]:[C;D3:2](-[C;D1:3]):[C;D2:4]:[N:5]>>[C;D2:1]:[C;D3:2](:[C;D2:4]:[N:5])-[Br;D1:6].[C;D1:3]-[B;D3:13]-1-[O;D2:12]-[B:10](-[O:9]-[B:8](-[C:7])-[O;D2:14]-1)-[C:11]$[O:1]-[C;D3:2](=[O:3])-[C;D3:4]:1:[C;D3:5](-[C;D1:6]):[N;D2:7]:[C;D3:8](:[C;D3:9]):[N;D3:12]:1:[C;D2:11]:[C:10]>>[O:1]-[C;D3:2](=[O:3])-[C;D3:4](-[C;D3:5](-[C;D1:6])=[O;D1:13])-[Cl;D1:14].[N;D1:7]-[C;D3:8](:[C;D3:9]):[N;D2:12]:[C;D2:11]:[C:10]	1	1	132	Cc1cc(OCc2c(F)ccc(F)c2F)c2nc(C)c(C(=O)O)n2c1
[C:1]:1:[N:2]:[C:3]:[C;D3:4]:[C;D3:5](-[N;D2:6]-[C;D2:7]):[C;D3:8]:1>>[C:1]:1:[N:2]:[C:3]:[C;D3:4]:[C;D3:5](:[C;D3:8]:1)-[Cl;D1:9].[N;D1:6]-[C;D2:7]$[C:1]:1:[N:2]:[C:3]:[C;D3:4]:[C;D3:5](-[Cl;D1:6]):[C;D3:7]:1>>[Cl;D1:6]-[P;D4:9](=[O;D1:8])(-[Cl;D1:10])-[Cl;D1:11].[C:1]:1:[N:2]:[C:3]:[C;D3:4]:[C;D3:5](:[C;D3:7]:1)-[O;D1:12]$[C:1]:[C:2]:1:[N;D2:3]:[C;D3:4](-[N;D1:5]):[C;D3:6](-[C;D2:7]#[N:8]):[C;D3:9](-[O;D1:10]):[C;D3:11]:1>>[C:1]:[C:2]:1:[N;D2:3]:[C;D3:4](=[O;D1:12]):[O;D2:13]:[C;D3:9](=[O;D1:10]):[C;D3:11]:1.[N;D1:5]#[C;D2:16]-[C;D2:15]-[C;D3:6](-[C;D2:7]#[N:8])-[O;D1:14]$[C;D2:1]:[C;D3:2]:1:[N;D2:3]:[C;D3:4](=[O;D1:5]):[O;D2:6]:[C;D3:7](=[O;D1:8]):[C;D3:9]:1:[C;D2:10]>>[C;D3:4](=[O;D1:5])(-[O;D2:15]-[C;D4:12](-[Cl:11])(-[Cl:13])-[Cl:14])-[Cl;D1:16].[C;D2:1]:[C;D3:2](-[N;D1:3]):[C;D3:9](-[C;D3:7](-[O;D1:6])=[O;D1:8]):[C;D2:10]$[C;D3:1]-[N;D1:2]>>[C;D3:1]-[N;D3+:2](=[O;D1:3])-[O;D1-:4]	1	1	141	CN(C)c1ccc2nc(N)c(C#N)c(NCc3cccs3)c2c1
[C:1]:[C;D3:2]:[N;D3:3]:1:[C;D2:4]:[N;D2:5]:[C;D2:6]:[C;D3:7]:1:[C;D2:8]>>[C:1]:[C;D3:2]:[N;D2:3]:[C;D3:7](-[C;D2:6]-[N;D2:5]-[C;D2:4]=[O;D1:9]):[C;D2:8]$[C;D2:1]-[N;D2:2]-[C;D2:3]=[O;D1:4]>>[C;D2:3](=[O;D1:4])-[O;D1:5].[C;D2:1]-[N;D1:2]$[C;D2:1]-[N;D1:2]>>[C;D2:1]-[N;D2:2]=[N;D2+:4]=[N;D1-:3]$[N:1]:[C;D3:2](-[C;D2:3]-[N;D2:4]=[N;D2+:5]):[C:6]>>[N:1]:[C;D3:2](-[C;D2:3]-[O;D1:7]):[C:6].[N;D1-:4]=[N;D2+:5]$[N:1]:[C;D3:2](-[C;D2:3]-[O;D1:4]):[C:5]>>[N:1]:[C;D3:2](-[C;D3:3](=[O;D1:4])-[O;D2:7]-[C;D1:6]):[C:5]	1	1	505	COC(=O)c1ccc2cncn2c1Cl
[C;D2:1]-[C;D2:2]-[Cl;D1:3]>>[Cl;D1:3]-[P;D4:5](=[O;D1:4])(-[Cl;D1:6])-[Cl;D1:7].[C;D2:1]-[C;D2:2]-[O;D1:8]$[C;D2:1]-[C;D2:2]-[O;D1:3]>>[C;D2:1]-[C;D3:2](-[O;D1:3])=[O;D1:4]$[C;D2:1]-[C;D3:2](=[O;D1:3])-[O;D1:4]>>[O;D1:3]=[C;D3:6](-[O;D1:4])-[C;D1:5].[C;D2:1]-[C;D2:2]#[N;D1:7]$[C;D3:1]-[C;D2:2]-[C;D2:3]#[N;D1:4]>>[C;D3:1]-[C;D2:2]-[O;D2:9]-[S;D4:6](-[C:5])(=[O:7])=[O:8].[C;D2:3](#[N;D1:4])-[C;D1:10]$[C;D2:1]-[O;D2:2]-[S;D4:3](-[C;D1:4])(=[O;D1:5])=[O;D1:6]>>[S;D4:3](-[C;D1:4])(=[O;D1:5])(=[O;D1:6])-[Cl;D1:7].[C;D2:1]-[O;D1:2]	1	1	895	Cc1c(CCCl)cccc1[N+](=O)[O-]
[C;D2:1]-[C;D2:2]-[N;D3:3](-[C;D2:4])-[C;D3:5]>>[C;D2:1]-[C;D2:2]=[O;D1:6].[N;D2:3](-[C;D2:4])-[C;D3:5]$[C;D2:1]-[C;D2:2]=[O;D1:3]>>[C;D2:1]-[C;D2:2]=[C;D1:4].[O;D1:3]=[Os;D4:6](=[O;D1:5])(=[O;D1:7])=[O;D1:8]$[C;D3:1]-[N;D3:10]:1:[C;D3:3](-[C;D2:2]):[C;D3:4](-[C;D3:5](=[O:6])-[O:7]):[N;D2:8]:[C;D2:9]:1>>[C;D3:1]-[N;D2:10]-[C;D3:3](-[C;D2:2])=[O;D1:11].[C;D2:4](-[C;D3:5](=[O:6])-[O:7])-[N;D2+:8]#[C;D1-:9]$[C;D3:1]-[N;D2:5]-[C;D3:3](-[C;D2:2])=[O;D1:4]>>[C;D3:1]-[N;D3+:5](=[O;D1:8])-[O;D1-:9].[C;D2:2]-[C;D3:3](=[O;D1:4])-[O;D2:7]-[C;D1:6]$[C;D3:1]-[O;D2:2]-[C;D2:3]-[C;D3:4](=[O:5])-[O:6]>>[C;D2:3](-[C;D3:4](=[O:5])-[O:6])-[Br;D1:7].[C;D3:1]-[O;D1:2]	1	1	359	CCOC(=O)c1ncn2c1COc1c(CCN3CCN(c4cc(F)cc5nc(C)ccc45)C[C@H]3C)cccc1-2
[C;D2:1]-[C;D2:2]-[N;D3:3]-1-[C;D3:4](=[O:5])-[C:6]:[C:7]-[C;D3:8]-1=[O:9]>>[C;D2:1]-[C;D2:2]-[I;D1:10].[N;D2:3]-1-[C;D3:4](=[O:5])-[C:6]:[C:7]-[C;D3:8]-1=[O:9]$[C;D2:1]-[C;D2:2]-[I;D1:3]>>[C;D2:1]-[C;D2:2]-[O;D2:8]-[S;D4:5](-[C:4])(=[O:6])=[O:7].[I;D0:3]$[C;D2:1]-[O;D2:2]-[S;D4:3](-[C;D1:4])(=[O;D1:5])=[O;D1:6]>>[S;D4:3](-[C;D1:4])(=[O;D1:5])(=[O;D1:6])-[Cl;D1:7].[C;D2:1]-[O;D1:2]$[C;D2:1]-[C;D2:2]-[O;D1:3]>>[C;D2:1]-[C;D3:2](=[O;D1:3])-[O;D2:6]-[C;D2:5]-[C:4]$[C;D2:1]-[C;D3:2](-[C;D2:3]-[C;D3:4])-[C;D2:5]>>[C;D2:1]-[C;D3:2](=[C;D2:3]-[C;D3:4])-[C;D2:5]	1	1	96	COc1c2c(c(OC)c(OC)c1OC)CC(CCCCCCCCN1C(=O)c3ccccc3C1=O)C2
[C;D2:1]-[C;D2:2]-[O;D1:3]>>[C;D2:1]-[C;D3:2](-[O;D1:3])=[O;D1:4]$[C;D2:1]-[C;D3:2](=[O;D1:3])-[O;D1:4]>>[O;D1:4]-[C;D2:6]-[C;D1:5].[C;D2:1]-[C;D2:2]#[N;D1:7].[O;D0:3]$[N:1]:[C;D3:3](:[C:2])-[C;D2:4]-[C;D2:5]#[N;D1:6]>>[C;D2:5](#[N;D1:6])-[C;D1:7].[N:1]:[C;D3:3](:[C:2])-[C;D2:4]-[Cl;D1:8]$[N:1]:[C;D3:3](:[C:2])-[C;D2:4]-[Cl;D1:5]>>[Cl;D1:5]-[S;D3:7](=[O;D1:6])-[Cl;D1:8].[N:1]:[C;D3:3](:[C:2])-[C;D2:4]-[O;D1:9]$[N:1]:[C;D3:3](:[C:2])-[C;D2:4]-[O;D1:5]>>[N:1]:[C;D3:3](:[C:2])-[C;D3:4](=[O;D1:5])-[O;D2:8]-[C;D2:7]-[C:6]	1	1	216	Cn1nc(-c2ccc(OC(F)(F)F)cc2)cc1CCO
[C;D2:1]-[C;D3:2](=[O;D1:3])-[C;D3:4]:[C:6]:[N:5]>>[C;D2:1]-[C;D3:2](-[O;D1:3])-[C;D3:4]:[C:6]:[N:5]$[C;D1:1]-[C;D2:2]-[C;D3:3](-[O;D1:4])-[C;D3:5]:[C:7]:[N:6]>>[C;D1:1]-[C;D2:2]-[Mg;D2:9]-[Br;D1:8].[C;D2:3](=[O;D1:4])-[C;D3:5]:[C:7]:[N:6]$[C;D1:1]-[O;D2:2]-[C;D3:3](:[C;D2:4]):[N;D3:8]:[C:6](:[C:5]):[C:7]>>[C;D3:3](:[C;D2:4])(:[N;D3:8]:[C:6](:[C:5]):[C:7])-[I;D1:9].[C;D1:1]-[O;D1:2]$[O;D1:1]=[C;D2:2]-[C;D3:3]:[C:5]:[N:4]>>[O;D1:1]-[C;D2:2]-[C;D3:3]:[C:5]:[N:4]$[O;D1:1]-[C;D2:2]>>[O;D2:1](-[C;D2:2])-[Si;D4:7](-[C;D4:4](-[C:3])(-[C:5])-[C:6])(-[C;D1:8])-[C;D1:9]	1	1	259	CCC(=O)c1ccc(OC)n2nc(C(F)(F)F)cc12
[C;D2:1]-[C;D3:2]:1:[C;D2:3]:[S;D2:4]:[C;D3:5](-[C;D3:6]:[C:7]:[N:8]):[N;D2:9]:1>>[C;D2:1]-[C;D3:2](-[C;D2:3]-[Cl;D1:11])=[O;D1:10].[S;D1:4]=[C;D3:5](-[C;D3:6]:[C:7]:[N:8])-[N;D1:9]$[N;D1:1]-[C;D3:2](=[S;D1:3])-[C;D3:4]:[C:5]:[N:6]>>[S;D1:3]=[P;D4:16]-1(-[S;D2:15]-[P:13](-[C:12]:2:[C:11]:[C:10]:[C:9](-[O:8]-[C:7]):[C:27]:[C:26]:2)(=[S:14])-[S;D2:25]-1)-[C;D3:17]:3:[C:18]:[C:19]:[C:20](-[O:21]-[C:22]):[C:23]:[C:24]:3.[N;D1:1]-[C;D3:2](-[C;D3:4]:[C:5]:[N:6])=[O;D1:28]$[N;D1:1]-[C;D3:2](=[O;D1:3])-[C;D3:4]:[C:5]:[N:6]>>[C;D3:2](=[O;D1:3])(-[C;D3:4]:[C:5]:[N:6])-[O;D1:7].[N;D0:1]$[O;D1:1]=[C;D3:2](-[O;D1:3])-[C;D3:4]:[C:5]:[N:6]>>[O;D1:3]-[C;D2:8]-[C;D1:7].[O;D1:1]=[C;D3:2](-[C;D3:4]:[C:5]:[N:6])-[C;D4:10](-[F;D1:9])(-[F;D1:11])-[F;D1:12]$[O;D1:1]=[C;D3:2](-[C;D3:3]:1:[C;D2:4]:[N:5]:[C:6]:[C;D3:7]:1)-[C;D4:8](-[F:9])(-[F:10])-[F:11]>>[O;D1:1]=[C;D3:2](-[C;D4:8](-[F:9])(-[F:10])-[F:11])-[O;D2:14]-[C;D3:13](=[O:12])-[C:15](-[F:16])(-[F:17])-[F:18].[C;D2:3]:1:[C;D2:4]:[N:5]:[C:6]:[C;D3:7]:1	1	1	80	ClCc1csc(-c2cn(CC3CCCCC3)c3c(Cl)cccc23)n1
[C;D2:1]-[N;D1:2]>>[C;D2:1]-[N;D2:2]=[N;D2+:4]=[N;D1-:3]$[C;D4:1]-[C;D2:2]-[N;D2:3]=[N;D2+:4]>>[C;D4:1]-[C;D2:2]-[I;D1:5].[N;D1-:3]=[N;D2+:4]$[C;D4:1]-[C;D2:2]-[I;D1:3]>>[I;D1:3]-[I;D1:4].[C;D4:1]-[C;D2:2]-[O;D1:5]$[C;D4:1]-[C;D2:2]-[O;D1:3]>>[C;D4:1]-[C;D3:2](=[O;D1:3])-[O;D2:6]-[C;D2:5]-[C:4]$[O:1]-[C;D3:2](=[O:3])-[C;D4:4](-[F;D1:5])(-[F;D1:6])-[C;D3:7](:[N;D2:8]:[C:9]:[C:10]):[C;D2:11]>>[O:1]-[C;D3:2](=[O:3])-[C;D4:4](-[F;D1:5])(-[F;D1:6])-[Br;D1:12].[C;D3:7](:[N;D2:8]:[C:9]:[C:10])(:[C;D2:11])-[Br;D1:13]	1	1	254	Cc1ccc(C(F)(F)CN)nc1
[C;D2:1]-[N;D1:2]>>[C;D2:1]-[N;D3:2]-1-[C;D3:4](=[O;D1:3])-[C;D3:5]:2:[C:6]:[C:7]:[C:8]:[C:9]:[C;D3:10]:2-[C;D3:11]-1=[O;D1:12]$[C;D2:1]-[C;D2:2]-[N;D3:3]-1-[C;D3:4](=[O:5])-[C:6]:[C:7]-[C;D3:8]-1=[O:9]>>[C;D2:1]-[C;D2:2]-[I;D1:10].[N;D2:3]-1-[C;D3:4](=[O:5])-[C:6]:[C:7]-[C;D3:8]-1=[O:9]$[C;D2:1]-[C;D2:2]-[I;D1:3]>>[C;D2:1]-[C;D2:2]-[O;D2:8]-[S;D4:5](-[C:4])(=[O:6])=[O:7].[I;D0:3]$[C;D2:1]-[O;D2:2]-[S;D4:3](-[C;D1:4])(=[O;D1:5])=[O;D1:6]>>[S;D4:3](-[C;D1:4])(=[O;D1:5])(=[O;D1:6])-[Cl;D1:7].[C;D2:1]-[O;D1:2]$[C;D2:1]-[C;D2:2]-[O;D1:3]>>[C;D2:1]-[C;D3:2](=[O;D1:3])-[O;D2:6]-[C;D2:5]-[C:4]	1	1	96	COc1c2c(c(OC)c(OC)c1OC)CC(CCCCCCCCN)C2
[C;D2:1]-[N;D2:2]-[C;D3:3](-[C;D1:4])=[O;D1:5]>>[C;D3:3](-[C;D1:4])(=[O;D1:5])-[Cl;D1:6].[C;D2:1]-[N;D1:2]$[C;D2:1]-[N;D1:2]>>[C;D2:1]-[N;D3:2]-1-[C;D3:4](=[O;D1:3])-[C;D3:5]:2:[C:6]:[C:7]:[C:8]:[C:9]:[C;D3:10]:2-[C;D3:11]-1=[O;D1:12]$[C;D2:1]-[C;D2:2]-[N;D3:3]-1-[C;D3:4](=[O:5])-[C:6]:[C:7]-[C;D3:8]-1=[O:9]>>[C;D2:1]-[C;D2:2]-[I;D1:10].[N;D2:3]-1-[C;D3:4](=[O:5])-[C:6]:[C:7]-[C;D3:8]-1=[O:9]$[C;D2:1]-[C;D2:2]-[I;D1:3]>>[C;D2:1]-[C;D2:2]-[O;D2:8]-[S;D4:5](-[C:4])(=[O:6])=[O:7].[I;D0:3]$[C;D2:1]-[O;D2:2]-[S;D4:3](-[C;D1:4])(=[O;D1:5])=[O;D1:6]>>[S;D4:3](-[C;D1:4])(=[O;D1:5])(=[O;D1:6])-[Cl;D1:7].[C;D2:1]-[O;D1:2]	1	1	96	COc1c2c(c(OC)c(OC)c1OC)CC(CCCCCCCCNC(C)=O)C2
[C;D2:1]-[N;D2:2]-[C;D3:3](=[O;D1:4])-[C;D2:5]>>[C;D3:3](=[O;D1:4])(-[C;D2:5])-[O;D1:6].[C;D2:1]-[N;D1:2]$[C;D2:1]-[N;D1:2]>>[C;D2:1]-[N;D2:2]=[N;D2+:4]=[N;D1-:3]$[C;D3:1]-[C;D2:2]-[N;D2:3]=[N;D2+:4]>>[C;D3:1]-[C;D2:2]-[O;D2:9]-[S;D4:6](-[C:5])(=[O:7])=[O:8].[N;D1-:3]=[N;D2+:4]$[C;D2:1]-[O;D2:2]-[S;D4:3](-[C;D1:4])(=[O;D1:5])=[O;D1:6]>>[S;D4:3](-[C;D1:4])(=[O;D1:5])(=[O;D1:6])-[Cl;D1:7].[C;D2:1]-[O;D1:2]$[C;D3:1]-[O;D2:2]-[C;D3:3](-[C;D2:4]-[O;D1:5])-[C;D2:6]>>[O;D1:5]-[O;D2:9]-[C;D3:8](=[O:7])-[C:10]:1:[C:11]:[C:12]:[C:13]:[C:14](-[Cl:15]):[C:16]:1.[C;D3:1]-[O;D1:2].[C;D2:3](=[C;D1:4])-[C;D2:6]	1	1	492	Cc1cc2c(c3ccc(=O)[nH]c13)OC(CNC(=O)CN(C)C)C2
[C;D2:1]-[N;D2:2]-[C;D3:3](=[O;D1:4])-[C;D3:5]>>[C;D3:3](=[O;D1:4])(-[C;D3:5])-[Cl;D1:6].[C;D2:1]-[N;D1:2]$[C;D2:1]-[N;D1:2]>>[C;D2:1]-[N;D2:2]=[N;D2+:4]=[N;D1-:3]$[C;D2:1]-[C;D2:2]-[N;D2:3]=[N;D2+:4]>>[C;D2:1]-[C;D2:2]-[O;D2:9]-[S;D4:6](-[C:5])(=[O:7])=[O:8].[N;D1-:3]=[N;D2+:4]$[C;D2:1]-[O;D2:2]-[S;D4:3](-[C;D1:4])(=[O;D1:5])=[O;D1:6]>>[S;D4:3](-[C;D1:4])(=[O;D1:5])(=[O;D1:6])-[Cl;D1:7].[C;D2:1]-[O;D1:2]$[C;D2:1]-[C;D2:2]-[O;D1:3]>>[C;D2:1]-[C;D3:2](-[O;D2:3]-[C;D2:5]-[C;D1:4])=[O;D1:6]	1	1	3676	CC(C)(C)OC(=O)N1CCc2c(n(CCNC(=O)c3ccccc3)c3ccccc23)CC1
[C;D2:1]-[N;D2:2]-[C;D3:3](=[O;D1:4])-[C;D3:5]>>[C;D3:3](=[O;D1:4])(-[C;D3:5])-[Cl;D1:6].[C;D2:1]-[N;D1:2]$[C;D2:1]-[N;D1:2]>>[C;D2:1]-[N;D2:2]=[N;D2+:4]=[N;D1-:3]$[C;D3:1]-[C;D2:2]-[N;D2:3]=[N;D2+:4]>>[C;D3:1]-[C;D2:2]-[O;D2:9]-[S;D4:6](-[C:5])(=[O:7])=[O:8].[N;D1-:3]=[N;D2+:4]$[C;D2:1]-[O;D2:2]-[S;D4:3](-[C;D1:4])(=[O;D1:5])=[O;D1:6]>>[S;D4:3](-[C;D1:4])(=[O;D1:5])(=[O;D1:6])-[Cl;D1:7].[C;D2:1]-[O;D1:2]$[C;D3:1]-[C;D2:2]-[O;D1:3]>>[C;D3:1]-[C;D3:2](=[O;D1:3])-[O;D1:4]	1	1	314	Cc1onc2c1c(=O)n(C1CC(CNC(=O)c3ccccc3)CN(C(=O)OC(C)(C)C)C1)c1cccc(Cl)c21
[C;D2:1]-[N;D2:2]-[C;D3:3](=[O;D1:4])-[O;D2:5]-[C:6](-[C:7])(-[C:8])-[C:9]>>[C;D3:3](=[O;D1:4])(-[O;D2:5]-[C:6](-[C:7])(-[C:8])-[C:9])-[O;D2:17]-[C;D3:15](-[O:14]-[C:11](-[C:10])(-[C:12])-[C:13])=[O:16].[C;D2:1]-[N;D1:2]$[C;D2:1]-[N;D1:2]>>[C;D2:1]-[N;D2:2]=[N;D2+:4]=[N;D1-:3]$[C;D3:1]-[C;D2:2]-[N;D2:3]=[N;D2+:4]>>[C;D3:1]-[C;D2:2]-[O;D2:13]-[S;D4:10](-[C:9]:1:[C:8]:[C:7]:[C:6](-[C:5]):[C:15]:[C:14]:1)(=[O:11])=[O:12].[N;D1-:3]=[N;D2+:4]$[C;D2:1]-[O;D2:2]-[S;D4:3](=[O;D1:4])(=[O;D1:5])-[C;D3:6]:1:[C:7]:[C:8]:[C:9](-[C:10]):[C:11]:[C:12]:1>>[S;D4:3](=[O;D1:4])(=[O;D1:5])(-[C;D3:6]:1:[C:7]:[C:8]:[C:9](-[C:10]):[C:11]:[C:12]:1)-[Cl;D1:13].[C;D2:1]-[O;D1:2]$[C;D3:1]-[C;D2:2]-[O;D1:3]>>[C;D3:1]-[C;D3:2](=[O;D1:3])-[O;D2:6]-[C;D2:5]-[C:4]	1	1	322	CON=C1CN(C(=O)OCc2ccccc2)CC1CNC(=O)OC(C)(C)C
[C;D2:1]-[N;D2:2]-[C;D3:3](=[O;D1:4])-[O;D2:5]-[C:6](-[C:7])(-[C:8])-[C:9]>>[C;D3:3](=[O;D1:4])(-[O;D2:5]-[C:6](-[C:7])(-[C:8])-[C:9])-[O;D2:17]-[C;D3:15](-[O:14]-[C:11](-[C:10])(-[C:12])-[C:13])=[O:16].[C;D2:1]-[N;D1:2]$[C;D2:1]-[N;D1:2]>>[C;D2:1]-[N;D2:2]=[N;D2+:4]=[N;D1-:3]$[C;D3:1]-[C;D2:2]-[N;D2:3]=[N;D2+:4]>>[C;D3:1]-[C;D2:2]-[O;D2:9]-[S;D4:6](-[C:5])(=[O:7])=[O:8].[N;D1-:3]=[N;D2+:4]$[C;D2:1]-[O;D2:2]-[S;D4:3](-[C;D1:4])(=[O;D1:5])=[O;D1:6]>>[S;D4:3](-[C;D1:4])(=[O;D1:5])(=[O;D1:6])-[Cl;D1:7].[C;D2:1]-[O;D1:2]$[C;D3:1]-[C;D2:2]-[O;D1:3]>>[C;D3:1]-[C;D3:2](=[O;D1:3])-[O;D1:4]	1	1	4	CCCCOC(=O)[C@@H]1CC[C@H](CNC(=O)OC(C)(C)C)CC1
[C;D2:1]-[N;D2:2]-[C;D3:3](=[O;D1:4])-[O;D2:5]-[C:6](-[C:7])(-[C:8])-[C:9]>>[C;D3:3](=[O;D1:4])(-[O;D2:5]-[C:6](-[C:7])(-[C:8])-[C:9])-[O;D2:17]-[C;D3:15](-[O:14]-[C:11](-[C:10])(-[C:12])-[C:13])=[O:16].[C;D2:1]-[N;D3:2]-1-[C;D3:19](=[O;D1:18])-[C;D3:20]:2:[C:21]:[C:22]:[C:23]:[C:24]:[C;D3:25]:2-[C;D3:26]-1=[O;D1:27]$[N:1]:[C;D3:3](:[C:2])-[C;D2:4]-[N;D3:5]-1-[C;D3:6](=[O:7])-[C:8]:[C:9]-[C;D3:10]-1=[O:11]>>[N:1]:[C;D3:3](:[C:2])-[C;D2:4]-[Cl;D1:12].[N;D2:5]-1-[C;D3:6](=[O:7])-[C:8]:[C:9]-[C;D3:10]-1=[O:11]$[N:1]:[C;D3:3](:[C:2])-[C;D2:4]-[Cl;D1:5]>>[Cl;D1:5]-[S;D3:7](=[O;D1:6])-[Cl;D1:8].[N:1]:[C;D3:3](:[C:2])-[C;D2:4]-[O;D1:9]$[N:1]:[C;D3:3](:[C:2])-[C;D2:4]-[O;D1:5]>>[N:1]:[C;D3:3](:[C:2])-[C;D3:4](=[O;D1:5])-[O;D1:6]$[C:1]-[C;D3:2](=[O:3])-[O;D1:4]>>[C:1]-[C;D3:2](=[O:3])-[O;D2:4]-[C;D1:5]	1	1	11	CC(C)Cn1c(CNC(=O)OC(C)(C)C)c(-c2ccccc2F)c2cc(OCc3ccccc3)ccc2c1=O
[C;D2:1]-[N;D2:2]-[C;D3:3]:1:[N;D2:4]:[C:5]:[C:6]:[C:7]:[N;D2:8]:1>>[C;D3:3]:1(:[N;D2:4]:[C:5]:[C:6]:[C:7]:[N;D2:8]:1)-[Cl;D1:9].[C;D2:1]-[N;D1:2]$[C:1]:[C;D3:2](-[C;D3:3](=[N;D1:4])-[N;D2:5]-[O;D1:6]):[N:7]>>[C:1]:[C;D3:2](-[C;D2:3]#[N;D1:4]):[N:7].[N;D1:5]-[O;D1:6]$[C:1]:[C;D3:2](-[C;D2:3]#[N;D1:4]):[N:5]>>[C:1]:[C;D3:2](-[C;D3:3](-[N;D1:4])=[O;D1:6]):[N:5]$[C:1]:[C;D3:2](-[C;D3:3](-[N;D1:4])=[O;D1:5]):[N:6]>>[C:1]:[C;D3:2](-[C;D3:3](=[O;D1:5])-[O;D1:7]):[N:6].[N;D0:4]$[C:1]-[C;D3:2](=[O:3])-[O;D1:4]>>[C:1]-[C;D3:2](=[O:3])-[O;D2:4]-[C;D1:5]	1	1	1621	CCCNc1nc(C)cc(C(=N)NO)n1
[C;D2:1]-[N;D3:2](-[C;D3:3]:1:[C;D3:4]:[C:5]:[N:6]:[C:7]:[C;D3:8]:1)-[C;D2:9]>>[C;D3:3]:1(:[C;D3:4]:[C:5]:[N:6]:[C:7]:[C;D3:8]:1)-[Cl;D1:10].[C;D2:1]-[N;D2:2]-[C;D2:9]$[C;D3:1]:1:[C:2]:[N:3]:[C:4]:[C;D3:5]:[C;D3:6]:1-[Cl;D1:7]>>[Cl;D1:7]-[P;D4:9](=[O;D1:8])(-[Cl;D1:10])-[Cl;D1:11].[C;D3:1]:1:[C:2]:[N:3]:[C:4]:[C;D3:5]:[C;D3:6]:1-[O;D1:12]$[C;D3:1]-[O;D1:2]>>[C;D3:1]-[O;D2:2]-[C;D1:3]$[C;D3:1]:[C;D3:4](:[C;D2:3]:[N:2])-[N;D3+:5](=[O;D1:6])-[O;D1-:7]>>[N;D3+:5](-[O;D1:6])(-[O;D1-:7])=[O;D1:8].[C;D3:1]:[C;D2:4]:[C;D2:3]:[N:2]$[C;D1:1]-[O;D2:2]-[C;D3:3]:1:[C;D3:4]:[C:5]:[N:6]:[C:7]:[C;D2:8]:1>>[C;D3:3]:1(:[C;D3:4]:[C:5]:[N:6]:[C:7]:[C;D2:8]:1)-[Cl;D1:9].[C;D1:1]-[O;D1:2]	1	1	131	CC(C)(C)OC(=O)N[C@@H]1CN(c2c([N+](=O)[O-])cnc3c2CCC3)C[C@H](C2CC2)[C@H]1O
[C;D2:1]-[O;D2:2]-[C;D3:3](=[O;D1:4])-[C;D2:5]>>[C;D3:3](=[O;D1:4])(-[C;D2:5])-[O;D1:6].[C;D2:1]-[O;D1:2]$[O;D1:1]=[C;D3:2](-[O;D1:3])-[C;D2:4]>>[O;D1:3]-[C;D3:6](-[C;D1:5])-[C;D1:7].[C;D2:2](-[C;D2:4])#[N;D1:8].[O;D0:1]$[N;D1:1]#[C;D2:2]-[C;D2:3]-[C;D3:4]>>[C;D2:3](-[C;D3:4])-[O;D2:9]-[S;D4:6](-[C:5])(=[O:7])=[O:8].[N;D1:1]#[C;D1:2]$[C;D1:1]-[S;D4:2](=[O;D1:3])(=[O;D1:4])-[O;D2:5]-[C;D2:6]>>[C;D1:1]-[S;D4:2](=[O;D1:3])(=[O;D1:4])-[Cl;D1:7].[O;D1:5]-[C;D2:6]$[O;D1:1]-[C;D2:2]-[C;D3:3]>>[O;D1:1]=[C;D3:2](-[C;D3:3])-[O;D1:4]	1	1	4599	CCOC(=O)Cc1cc(Cl)cc(OC(F)(F)F)c1
[C;D2:1]:[C;D3:2](-[C;D3:3](:[C;D2:4]):[C;D2:5]):[C;D3:6]:[N:7]>>[C;D2:1]:[C;D3:2](:[C;D3:6]:[N:7])-[Br;D1:8].[C;D3:3](:[C;D2:4])(:[C;D2:5])-[Sn;D4:13](-[C;D2:12]-[C:11]-[C:10]-[C:9])(-[C;D2:14]-[C:15]-[C:16]-[C:17])-[C;D2:18]-[C:19]-[C:20]-[C:21]$[O;D2:1]-[C;D3:2](=[O;D1:3])-[C;D3:4]:1:[N;D2:5]:[C;D2:6]:[C;D3:7]:2:[C;D3:8](:[C;D3:9]:1-[O;D1:10]):[C;D2:11]:[C:12]:[C:13]:[N;D3:14]:2>>[O;D2:1]-[C;D3:2](=[O;D1:3])-[C;D3:8]:1:[C;D3:7](-[C;D2:6]-[N;D3:5](-[C;D2:19]-[C;D3:17](-[O:16]-[C:15])=[O:18])-[S;D4:20](-[C;D3:4]:2:[C;D2:9]:[C;D2:27]:[C;D3:25](:[C;D2:24]:[C;D2:23]:2)-[C:26])(=[O;D1:21])=[O;D1:22]):[N;D3:14]:[C:13]:[C:12]:[C;D2:11]:1.[O;D1:10]-[C;D1:28]$[O:1]-[C:2](=[O:3])-[C;D2:4]-[N;D3:5](-[C;D2:6]-[C;D3:7](:[C:8]):[N:9])-[S;D4:10]>>[C;D2:6](-[C;D3:7](:[C:8]):[N:9])-[Br;D1:11].[O:1]-[C:2](=[O:3])-[C;D2:4]-[N;D2:5]-[S;D4:10]$[C:1]:[C;D3:2](-[C;D2:3]-[Br;D1:4]):[N:5]>>[Br;D1:4]-[N;D3:12]-1-[C;D3:7](=[O:6])-[C:8]-[C:9]-[C;D3:10]-1=[O:11].[C:1]:[C;D3:2](-[C;D1:3]):[N:5]$[O:1]-[C;D3:2](=[O:3])-[C;D3:4]:1:[C;D3:5](-[C;D1:6]):[N;D3:7](-[C;D2:8]):[C;D3:9](=[O;D1:10]):[C;D3:11](-[Br;D1:12]):[C;D2:13]:1>>[O:1]-[C;D3:2](=[O:3])-[C;D3:4](=[C;D3:5](-[C;D1:6])-[N;D2:7]-[C;D2:8])-[C;D2:13]=[C;D2:11]-[C;D3:9](=[O;D1:10])-[O;D2:15]-[C;D1:14].[Br;D1:12]-[N;D3:22]-1-[C;D3:17](=[O:16])-[C:18]-[C:19]-[C;D3:20]-1=[O:21]	1	1	14	COC(=O)c1ncc2c(cc(-c3ccccc3)c(=O)n2CC2CCCCC2)c1O
[C;D3:1]-[C;D3:2](-[N;D1:3])=[N;D2:4]-[O;D1:5]>>[C;D3:1]-[C;D2:2]#[N;D1:3].[N;D1:4]-[O;D1:5]$[C;D3:1]-[C;D2:2]#[N;D1:3]>>[C;D3:1]-[C;D2:2]=[N;D2:3]-[O;D1:4]$[C;D3:1]-[C;D2:2]=[N;D2:3]-[O;D1:4]>>[C;D3:1]-[C;D2:2]=[O;D1:5].[N;D1:3]-[O;D1:4]$[C;D3:1]-[C;D2:2]=[O;D1:3]>>[C;D3:1]-[C;D2:2]-[O;D1:3]$[C;D3:1]-[C;D2:2]-[O;D1:3]>>[C;D3:1]-[C;D3:2](-[O;D1:3])=[O;D1:4]	1	1	323	CC(C)(C)OC(=O)CCCCc1cc2cc(C(N)=NO)ccc2c(=O)n1-c1ccc(F)cc1
[C;D3:1]-[C;D3:2]:1:[C;D3:3](-[N;D1:4]):[N;D2:5]:[N;D2:6]:[C;D3:7]:1-[C;D1:8]>>[C;D3:1]-[C;D3:2](-[C;D2:3]#[N;D1:4])-[C;D3:7](-[C;D1:8])=[O;D1:9].[N;D1:5]-[N;D1:6]$[C;D3:1]-[C;D3:2](-[C;D2:3]#[N:4])-[C;D3:5](-[C;D1:6])=[O;D1:7]>>[C;D3:5](-[C;D1:6])(=[O;D1:7])-[O;D2:10]-[C;D2:9]-[C:8].[C;D3:1]-[C;D2:2]-[C;D2:3]#[N:4]$[C;D3:1]-[C;D2:2]-[C;D2:3]#[N;D1:4]>>[C;D3:1]-[C;D2:2]-[Cl;D1:5].[C;D1:3]#[N;D1:4]$[C;D3:1]-[C;D2:2]-[Cl;D1:3]>>[Cl;D1:3]-[S;D3:5](=[O;D1:4])-[Cl;D1:6].[C;D3:1]-[C;D2:2]-[O;D1:7]$[C;D3:1]-[C;D2:2]-[O;D1:3]>>[C;D3:1]-[C;D3:2](=[O;D1:3])-[O;D2:5]-[C;D1:4]	1	1	564	COCCOc1ccc(-c2c(C)n[nH]c2N)cc1OCCOC
[C;D3:1]-[C;D3:2]:1:[N;D2:3]:[O;D2:4]:[C;D3:5](-[C;D3:6]):[N;D2:7]:1>>[C;D3:5](-[C;D3:6])(=[O;D1:8])-[O;D1:9].[C;D3:1]-[C;D3:2](=[N;D2:3]-[O;D1:4])-[N;D1:7]$[C;D3:1]-[C;D3:2](-[N;D1:3])=[N;D2:4]-[O;D1:5]>>[C;D3:1]-[C;D2:2]#[N;D1:3].[N;D1:4]-[O;D1:5]$[C;D3:1]-[C;D2:2]#[N;D1:3]>>[C;D3:1]-[C;D2:2]=[N;D2:3]-[O;D1:4]$[C;D3:1]-[C;D2:2]=[N;D2:3]-[O;D1:4]>>[C;D3:1]-[C;D2:2]=[O;D1:5].[N;D1:3]-[O;D1:4]$[C;D3:1]-[C;D2:2]=[O;D1:3]>>[C;D3:1]-[C;D2:2]-[O;D1:3]	1	1	323	CC(C)(C)OC(=O)CCCCc1cc2cc(-c3noc(C4Cc5ccccc5C4)n3)ccc2c(=O)n1-c1ccc(F)cc1
[C;D3:1]-[N;D2:2]-[C;D3:3](=[O;D1:4])-[C;D2:5]>>[C;D3:3](=[O;D1:4])(-[C;D2:5])-[Cl;D1:6].[C;D3:1]-[N;D1:2]$[O;D1:1]=[C;D3:2](-[Cl;D1:3])-[C;D2:4]>>[Cl;D1:3]-[S;D3:6](=[O;D1:5])-[Cl;D1:7].[O;D1:1]=[C;D3:2](-[C;D2:4])-[O;D1:8]$[O:1]=[C;D3:2](-[O;D1:3])-[C:4]>>[O:1]=[C;D3:2](-[O;D2:3]-[C;D2:6]-[C;D1:5])-[C:4]$[C;D2:1]-[C;D2:2]-[Cl;D1:3]>>[Cl;D1:3]-[S;D3:5](=[O;D1:4])-[Cl;D1:6].[C;D2:1]-[C;D2:2]-[O;D1:7]$[C;D2:1]-[O;D1:2]>>[C;D2:1]-[O;D2:2]-[C;D2:7]-[C;D3:6]:1:[C:5]:[C:4]:[C:3]:[C:9]:[C:8]:1	1	1	450	COC(=O)c1ccc(NC(=O)CCOCCCl)c(C)c1
[C;D3:1]-[N;D2:2]-[C;D3:3](=[S;D1:4])-[N;D2:5]-[C;D2:6]>>[C;D3:1]-[N;D2:2]=[C;D2:3]=[S;D1:4].[N;D1:5]-[C;D2:6]$[C;D3:1]-[N;D2:2]=[C;D2:3]=[S;D1:4]>>[C;D3:1]-[N;D1:2].[C;D3:3](=[S;D1:4])(-[O;D2:9]-[C;D3:8]:1:[C:7]:[C:6]:[C:5]:[C:18]:[N:17]:1)-[O;D2:10]-[C;D3:11]:2:[C:12]:[C:13]:[C:14]:[C:15]:[N:16]:2$[C;D3:1]-[N;D1:2]>>[C;D3:1]-[N;D2:2]-[C;D3:4](=[O;D1:3])-[C;D4:5](-[F:6])(-[F:7])-[F:8]$[C;D3:1]:[C;D3:4]:1:[C;D3:3](:[C;D2:2]):[O;D2:7]:[C;D2:6]:[N;D2:5]:1>>[C;D3:6](-[O;D2:10]-[C;D2:9]-[C:8])(-[O;D2:11]-[C;D2:12]-[C:13])-[O;D2:14]-[C;D2:15]-[C:16].[C;D3:1]:[C;D3:4](:[C;D3:3](:[C;D2:2])-[O;D1:7])-[N;D1:5]$[C;D3:1]-[N;D1:2]>>[C;D3:1]-[N;D3+:2](=[O;D1:3])-[O;D1-:4]	1	1	104	Cc1c(NC(=S)NCCN)ccc2ocnc12
[C;D3:1]-[O;D1:2]>>[C;D3:1]-[O;D2:2]-[C;D1:3]$[C;D3:1]-[C;D2:2]#[N;D1:3]>>[C;D3:1]-[C;D3:2](-[N;D1:3])=[O;D1:4]$[C;D3:1]-[C;D3:2](-[N;D1:3])=[O;D1:4]>>[C;D3:1]-[C;D3:2](=[O;D1:4])-[Cl;D1:5].[N;D0:3]$[C;D3:1]-[C;D3:2](=[O;D1:3])-[Cl;D1:4]>>[Cl;D1:4]-[C;D3:8](-[C;D3:6](=[O:5])-[Cl:7])=[O;D1:9].[C;D3:1]-[C;D3:2](=[O;D1:3])-[O;D1:10]$[C;D3:1]:[C;D3:2](-[C;D3:3](=[O;D1:4])-[O;D1:5]):[C;D3:6]>>[C;D2:3](=[O;D1:4])=[O;D1:5].[C;D3:1]:[C;D2:2]:[C;D3:6]	1	1	569	N#Cc1c(F)cc(O)cc1F
[C;D3:1]:1:[C:2]:[N:3]:[C:4]:[N;D2:5]:[C;D3:6]:1-[O;D2:7]-[C;D3:8]>>[C;D3:1]:1:[C:2]:[N:3]:[C:4]:[N;D2:5]:[C;D3:6]:1-[Cl;D1:9].[O;D1:7]-[C;D3:8]$[C;D3:1]:1:[C:2]:[N:3]:[C:4]:[N;D2:5]:[C;D3:6]:1-[Cl;D1:7]>>[Cl;D1:7]-[P;D4:9](=[O;D1:8])(-[Cl;D1:10])-[Cl;D1:11].[C;D3:1]:1:[C:2]:[N:3]:[C:4]:[N;D2:5]:[C;D3:6]:1=[O;D1:12]$[C;D2:1]:[C;D3:2]:1:[C;D3:3](=[O;D1:4]):[N;D2:5]:[C;D2:6]:[N;D2:7]:[C;D3:8]:1:[C;D2:9]>>[C;D2:1]:[C;D3:2](-[C;D3:3](=[O;D1:4])-[O;D2:11]-[C;D1:10]):[C;D3:8](-[N;D1:7]):[C;D2:9].[N;D1:5]=[C;D2:6]-[N;D1:12]$[C;D3:1]-[N;D1:2]>>[C;D3:1]-[N;D3+:2](=[O;D1:3])-[O;D1-:4]$[C;D2:1]:[C;D3:2](-[N;D3+:3](=[O;D1:4])-[O;D1-:5]):[C;D3:6]-[C:7](=[O:8])-[O:9]>>[N;D3+:3](=[O;D1:4])(-[O;D1-:5])-[O;D1:10].[C;D2:1]:[C;D2:2]:[C;D3:6]-[C:7](=[O:8])-[O:9]	1	1	22	COCCOc1cc2ncnc(Oc3cccc(N)c3)c2cc1OC
[C;D3:1]:1:[N:2]:[N:3]:[C;D3:4]:[C;D3:5]:1-[Cl;D1:6]>>[Cl;D1:6]-[S;D4:8](=[O;D1:7])(=[O;D1:9])-[Cl;D1:10].[C;D3:1]:1:[N:2]:[N:3]:[C;D3:4]:[C;D2:5]:1$[C:1]:1:[C;D3:2](-[C;D2:3]#[N;D1:4]):[C:5]:[N:6]:[N:7]:1>>[C:1]:1:[C;D3:2](-[C;D3:3](-[N;D1:4])=[O;D1:8]):[C:5]:[N:6]:[N:7]:1$[C:1]:1:[C;D3:2](-[C;D3:3](-[N;D1:4])=[O;D1:5]):[C:6]:[N:7]:[N:8]:1>>[C:1]:1:[C;D3:2](-[C;D3:3](=[O;D1:5])-[Cl;D1:9]):[C:6]:[N:7]:[N:8]:1.[N;D0:4]$[C:1]:1:[C;D3:2](-[C;D3:3](=[O;D1:4])-[Cl;D1:5]):[C:6]:[N:7]:[N:8]:1>>[Cl;D1:5]-[S;D3:10](=[O;D1:9])-[Cl;D1:11].[C:1]:1:[C;D3:2](-[C;D3:3](=[O;D1:4])-[O;D1:12]):[C:6]:[N:7]:[N:8]:1$[C:1]-[C;D3:2](=[O:3])-[O;D1:4]>>[C:1]-[C;D3:2](=[O:3])-[O;D2:4]-[C;D2:6]-[C;D1:5]	1	1	865	Cc1c(C#N)cnn1-c1nn(C)c(OC(F)F)c1Cl
[C;D3:1]:[C;D3:2](-[N;D2:3]-[C;D2:4]):[C;D2:5]>>[C;D3:1]:[C;D3:2](:[C;D2:5])-[F;D1:6].[N;D1:3]-[C;D2:4]$[C;D2:1]-[N;D1:2]>>[C;D2:1]-[N;D2:2]=[N;D2+:4]=[N;D1-:3]$[C;D4:1]-[C;D2:2]-[N;D2:3]=[N;D2+:4]>>[C;D4:1]-[C;D2:2]-[I;D1:5].[N;D1-:3]=[N;D2+:4]$[C;D4:1]-[C;D2:2]-[I;D1:3]>>[I;D1:3]-[I;D1:4].[C;D4:1]-[C;D2:2]-[O;D1:5]$[C;D4:1]-[C;D2:2]-[O;D1:3]>>[C;D4:1]-[C;D3:2](=[O;D1:3])-[O;D2:6]-[C;D2:5]-[C:4]	1	1	254	CCOC(=O)Cc1c(C#N)ccc(NCC(F)(F)c2ccc(C)cn2)c1F
[N:1]:1:[C;D2:2]:[C;D3:3](-[C;D3:4]:2:[N;D2:5]:[C:6]:[C:7]:[C:8]:[N;D2:9]:2):[C;D3:10]:[C:12]:1:[N:11]>>[N:1]:1:[C;D2:2]:[C;D3:3](:[C;D3:10]:[C:12]:1:[N:11])-[B;D3:17]-2-[O;D2:16]-[C:14](-[C:13])(-[C:15])-[C:19](-[O;D2:18]-2)(-[C:20])-[C:21].[C;D3:4]:1(:[N;D2:5]:[C:6]:[C:7]:[C:8]:[N;D2:9]:1)-[Cl;D1:22]$[C;D2:1]-[N;D3:2]:1:[C;D2:3]:[C;D3:4](-[C;D2:5]):[N;D2:6]:[N;D2:7]:1>>[C;D2:1]-[N;D2:2]=[N;D2+:7]=[N;D1-:6].[C;D1:3]#[C;D2:4]-[C;D2:5]$[C;D3:1]-[C;D2:2]-[N;D2:3]=[N;D2+:4]>>[C;D3:1]-[C;D2:2]-[O;D2:9]-[S;D4:6](-[C:5])(=[O:7])=[O:8].[N;D1-:3]=[N;D2+:4]$[C;D2:1]-[O;D2:2]-[S;D4:3](-[C;D1:4])(=[O;D1:5])=[O;D1:6]>>[S;D4:3](-[C;D1:4])(=[O;D1:5])(=[O;D1:6])-[Cl;D1:7].[C;D2:1]-[O;D1:2]$[C;D3:1]-[N;D2:2]-[C;D3:3]:1:[N;D2:4]:[C:5]:[N:6]:[C:7]:[C;D3:8]:1>>[C;D3:3]:1(:[N;D2:4]:[C:5]:[N:6]:[C:7]:[C;D3:8]:1)-[Cl;D1:9].[C;D3:1]-[N;D1:2]	1	1	1051	Cc1ccc(S(=O)(=O)n2cc(-c3ncc(F)c(N[C@H](Cn4cc(CO)nn4)C(C)(C)C)n3)c3cc(F)cnc32)cc1
[N:1]:[C:2](:[C;D3:3]-[O;D2:4]-[C;D2:5]-[C;D3:6]):[N:7]>>[C;D2:5](-[C;D3:6])-[Br;D1:8].[N:1]:[C:2](:[C;D3:3]-[O;D1:4]):[N:7]$[N:1]:[C:2](:[C;D3:3]-[O;D1:4]):[N:5]>>[N:1]:[C:2](:[C;D3:3]-[O;D2:4]-[C;D2:10]-[C;D3:9]:1:[C:8]:[C:7]:[C:6]:[C:12]:[C:11]:1):[N:5]$[C;D2:1]:[C;D3:2](-[C;D1:3]):[C;D2:4]:[N:5]>>[C;D2:1]:[C;D3:2](:[C;D2:4]:[N:5])-[Br;D1:6].[C;D1:3]-[B;D3:13]-1-[O;D2:12]-[B:10](-[O:9]-[B:8](-[C:7])-[O;D2:14]-1)-[C:11]$[O:1]-[C;D3:2](=[O:3])-[C;D3:4]:1:[C;D3:5](-[C;D1:6]):[N;D2:7]:[C;D3:8](:[C;D3:9]):[N;D3:12]:1:[C;D2:11]:[C:10]>>[O:1]-[C;D3:2](=[O:3])-[C;D3:4](-[C;D3:5](-[C;D1:6])=[O;D1:13])-[Cl;D1:14].[N;D1:7]-[C;D3:8](:[C;D3:9]):[N;D2:12]:[C;D2:11]:[C:10]$[N:1]:[C;D2:2]:[C;D3:3](-[Br;D1:4]):[C;D2:5]>>[Br;D1:4]-[Br;D1:6].[N:1]:[C;D2:2]:[C;D2:3]:[C;D2:5]	1	1	132	CCOC(=O)c1c(C)nc2c(OCc3c(F)ccc(F)c3F)cc(C)cn12
[N:1]:[C:2]:[C;D3:3]-[C;D3:4]-1=[N;D2:5]-[O;D2:6]-[C;D4:7](-[C;D2:8])(-[C;D2:9])-[C;D2:10]-1>>[C;D3:7](-[C;D2:8])(-[C;D2:9])=[C;D1:10].[N:1]:[C:2]:[C;D3:3]-[C;D2:4]=[N;D2:5]-[O;D1:6]$[C;D3:1](-[C;D2:2]=[N;D2:3]-[O;D1:4]):[C:5]:[N:6]>>[C;D3:1](-[C;D2:2]=[O;D1:7]):[C:5]:[N:6].[N;D1:3]-[O;D1:4]$[C;D3:1](-[C;D2:2]=[O;D1:3]):[C:4]:[N:5]>>[C;D3:1](-[C;D3:2](=[O;D1:3])-[N;D3:8](-[O;D2:7]-[C:6])-[C;D1:9]):[C:4]:[N:5]$[C;D3:1](-[C;D3:2](=[O;D1:3])-[N;D3:4](-[C;D1:5])-[O;D2:6]):[C:7]:[N:8]>>[C;D3:1](-[C;D3:2](=[O;D1:3])-[O;D1:9]):[C:7]:[N:8].[N;D2:4](-[C;D1:5])-[O;D2:6]$[C:1]-[C;D3:2](=[O:3])-[O;D1:4]>>[C:1]-[C;D3:2](=[O:3])-[O;D2:4]-[C;D2:6]-[C;D1:5]	1	1	848	CCn1ncc2c(NC3CC3)c(C3=NOC4(CCCCC4)C3)cnc21
[N:1]:[C;D3:2](-[O;D2:3]-[C;D2:4]-[C;D3:5](:[N:6]):[C:7]):[C:8]>>[C;D2:4](-[C;D3:5](:[N:6]):[C:7])-[Br;D1:9].[N:1]:[C;D3:2](-[O;D1:3]):[C:8]$[C:1]:[C;D3:2](-[C;D2:3]-[Br;D1:4]):[N:5]>>[Br;D1:4]-[P;D3:7](-[Br;D1:6])-[Br;D1:8].[C:1]:[C;D3:2](-[C;D2:3]-[O;D1:9]):[N:5]$[C:1]:[C;D3:2](-[C;D2:3]-[O;D1:4]):[N:5]>>[C:1]:[C;D3:2](-[C;D2:3]=[O;D1:4]):[N:5]$[C:1]:[C;D3:2](-[C;D2:3]=[O;D1:4]):[N:5]>>[O;D2:4]-1-[C;D2:7]-[C;D2:6]-[O:10]-[C;D2:9]-[C;D2:8]-1.[C:1]:[C;D3:2](-[C;D1:3]):[N:5]$[C;D3:1]:[C;D3:3](:[C;D3:2])-[C;D3:4](:[C;D2:5]):[N;D2:8]:[C:7]:[C:6]>>[C;D3:4](:[C;D2:5])(:[N;D2:8]:[C:7]:[C:6])-[Br;D1:9].[C;D3:1]:[C;D3:3](:[C;D3:2])-[B;D3:11](-[O;D1:10])-[O;D1:12]	1	1	109	CCOC(=O)C1C2Cc3cc(OCc4nc(-c5c(C)cccc5C)ccc4F)ncc3C21
[N:1]:[C;D3:4](:[C:3]:[N:2])-[C;D3:5](=[O;D1:6])-[N;D2:7]-[C;D2:8]>>[N:1]:[C;D3:4](:[C:3]:[N:2])-[C;D3:5](=[O;D1:6])-[O;D1:9].[N;D1:7]-[C;D2:8]$[C:1]-[C;D3:2](=[O:3])-[O;D1:4]>>[C:1]-[C;D3:2](=[O:3])-[O;D2:4]-[C;D2:6]-[C;D1:5]$[N:1]:[C:2](:[C;D3:3]-[O;D2:4]-[C;D2:5]-[C;D3:6]):[N:7]>>[C;D2:5](-[C;D3:6])-[Br;D1:8].[N:1]:[C:2](:[C;D3:3]-[O;D1:4]):[N:7]$[N:1]:[C:2](:[C;D3:3]-[O;D1:4]):[N:5]>>[N:1]:[C:2](:[C;D3:3]-[O;D2:4]-[C;D2:10]-[C;D3:9]:1:[C:8]:[C:7]:[C:6]:[C:12]:[C:11]:1):[N:5]$[C;D2:1]:[C;D3:2](-[C;D1:3]):[C;D2:4]:[N:5]>>[C;D2:1]:[C;D3:2](:[C;D2:4]:[N:5])-[Br;D1:6].[C;D1:3]-[B;D3:13]-1-[O;D2:12]-[B:10](-[O:9]-[B:8](-[C:7])-[O;D2:14]-1)-[C:11]	1	1	132	Cc1cc(OCc2c(F)ccc(F)c2F)c2nc(C)c(C(=O)NCC(C)(C)N)n2c1
[N;D3:1]:1:[C:2]:[N:3]:[C;D3:4]:[C;D3:5]:2:[C;D3:6]:1:[N;D2:7]:[C;D2:8]:[N;D2:9]:2>>[C;D2:8](=[O;D1:10])-[O;D1:11].[N;D3:1]:1:[C:2]:[N:3]:[C;D3:4]:[C;D3:5](:[C;D3:6]:1-[N;D1:7])-[N;D1:9]$[N:1]:[C:6]:[C;D3:4](:[C:3]:[N:2])-[N;D1:5]>>[N:1]:[C:6]:[C;D3:4](:[C:3]:[N:2])-[N;D2:5]=[O;D1:7]$[N:1]:[C;D3:7]:[C;D3:4](:[C;D3:3]:[N:2])-[N;D2:5]=[O;D1:6]>>[N;D2:5](-[O;D1:6])=[O;D1:8].[N:1]:[C;D3:7]:[C;D2:4]:[C;D3:3]:[N:2]$[C;D3:1]-[N;D3:2]:1:[C;D3:3](=[S;D1:4]):[N;D2:5]:[C;D3:6](=[O;D1:7]):[C;D2:8]:[C;D3:9]:1-[N;D1:10]>>[C;D3:6](=[O;D1:7])(-[C;D2:8]-[C;D2:9]#[N;D1:10])-[O;D2:13]-[C;D2:12]-[C:11].[C;D3:1]-[N;D2:2]-[C;D3:3](=[S;D1:4])-[N;D1:5]$[C;D3:1]-[N;D2:2]-[C;D3:3](-[N;D1:4])=[S;D1:5]>>[C;D3:1]-[N;D2:2]=[C;D2:3]=[S;D1:5].[N;D0:4]	1	1	598	CCc1cccc(-n2c(=S)[nH]c(=O)c3[nH]cnc32)c1
[O:1]-[C;D3:2](=[O:3])-[C;D2:4]-[O;D2:5]-[C;D3:6]>>[O:1]-[C;D3:2](=[O:3])-[C;D2:4]-[Br;D1:7].[O;D1:5]-[C;D3:6]$[C;D2:1]:[C;D3:2](-[O;D1:3]):[C;D2:4]>>[C;D2:1]:[C;D3:2](:[C;D2:4])-[F;D1:5].[O;D0:3]$[C;D3:1]-[O;D2:2]-[C;D2:3]-[C;D3:4]>>[C;D2:3](-[C;D3:4])-[Br;D1:5].[C;D3:1]-[O;D1:2]$[C;D2:1]:[C;D3:2](-[O;D1:3]):[C;D3:4]>>[C;D2:1]:[C;D3:2](:[C;D3:4])-[F;D1:5].[O;D0:3]$[C;D1:1]-[O;D2:2]-[C;D3:3]>>[C;D1:1]-[I;D1:4].[O;D1:2]-[C;D3:3]	1	1	502	COC(=O)COc1cc(OC)c([N+](=O)[O-])c(OCc2ccccc2)c1
[O;D1:1]=[C;D2:2]-[N;D2:3]-[C;D2:4]>>[O;D1:1]=[C;D2:2]-[O;D2:7]-[C;D2:6]-[C:5].[N;D1:3]-[C;D2:4]$[N;D1:1]-[C;D2:2]-[C;D2:3]>>[N;D1:1]#[C;D2:2]-[C;D2:3]$[N;D1:1]#[C;D2:2]-[C;D2:3]-[C;D3:4]>>[C;D2:3](-[C;D3:4])-[Br;D1:5].[N;D1:1]#[C;D1:2]$[Br;D1:1]-[C;D2:2]-[C;D3:3]>>[C;D2:2](-[C;D3:3])-[O;D1:4].[Br;D0:1]$[O;D1:1]-[C;D2:2]-[C;D3:3]>>[O;D1:1]=[C;D3:2](-[C;D3:3])-[O;D2:6]-[C;D2:5]-[C:4]	1	1	307	O=CNCCc1ccccc1CCc1ccc(Br)cc1
